{"entity.minecart.inside":{"sounds":[{"name":"minecart\/inside","volume":0.05}],"replace":true},"entity.minecart.inside.underwater":{"sounds":[{"name":"minecart\/inside_underwater1","volume":0.05},{"name":"minecart\/inside_underwater2","volume":0.05},{"name":"minecart\/inside_underwater3","volume":0.05}],"replace":true},"entity.minecart.riding":{"sounds":[{"name":"minecart\/base","volume":0.05}],"replace":true,"subtitle":"subtitles.entity.minecart.riding"},"block.piston.contract":{"sounds":[{"name":"tile\/piston\/in","volume":0.05}],"replace":true,"subtitle":"subtitles.block.piston.move"},"block.piston.extend":{"sounds":[{"name":"tile\/piston\/out","volume":0.05}],"replace":true,"subtitle":"subtitles.block.piston.move"},"item.spyglass.use":{"sounds":[{"name":"item\/spyglass\/funny","volume":0.5}],"replace":true}}